Visit count,Scan count,queued,scanning,success,fail,canceled,Email count,Holding Job
9,0,0,0,0,0,0,0,0

outh key,user_id,ip,Question 1),Question 2),Question 3),Question 4),Question 5),Question 6),Date
81ef886a-36de-3a3c-c5b4-8d10e2a5f2a7,4104,211.36.157.234,1,1,1,1,1,1,20190304114753
cc9571b5-77d4-b584-6a72-dcdd47776c7f,4105,211.36.157.234,1,1,1,1,1,1,20190304114754
f20d0478-d8c4-071f-fc67-0b2814dd60f0,4106,49.174.237.63,1,1,1,1,1,1,20190304131317
30dde493-c622-d96d-6f3c-27c7e42cdc61,4107,219.250.10.9,1,1,1,1,1,1,20190304165114
93c316d3-70ab-1def-78d8-628308cff1e3,4108,173.252.87.8,1,1,1,1,1,1,20190304174648
ca7f6259-c6d7-ac34-d3b4-a5a9b0a0f9eb,4109,211.36.157.234,1,1,1,1,1,1,20190304214148
b48def84-02db-707f-5c37-a65982c2c00d,4110,211.36.157.234,1,1,1,1,1,1,20190305002339
9160ce3e-39cc-13e7-906e-5f724e5418ab,4111,174.215.22.226,1,1,1,1,1,1,20190305023846
161dacf0-5780-1596-2888-a3634ad034d6,4112,24.23.222.166,1,1,1,1,1,1,20190305075607
